"Titre","Chaîne / Troupe","Type","Nature","Catégorie","Thème","Durée","Notes","URL vidéo","Langue","Statut","Créé le","Approuvé le"
"Contre Kem's au Festival les 72h d'improvisation de Paris 2017","Canal Impro","spectacle","na","libre","Carte Blanche","27:56","La Compagnie d’Improvisation EUX a réuni pour vous quelques uns des plus grands improvisateurs de la place parisienne. Ils travaillent depuis plusieurs mois déjà dans les labos
de recherche secrets de la Compagnie pour vous proposer des spectacles totalement inédits ! En d’autres termes, du jamais vu. Chaque spectacle, par sa spécificité, permet d’explorer
différentes facettes de l’improvisation. Des spectacles sur la vie, la mort, le hasard... Des histoires courtes ou longues, loufoques ou poétiques, mais toujours pleines de surprises...
Plongez avec nous dans l’univers magique de la création théâtrale improvisée, en venant découvrir le futur spectacle d’improvisation à succès !","https://youtu.be/uSPAEhu3U14","fr","approved","2026-05-26T09:58:36.891377+00:00","2026-05-26T09:59:13.926834+00:00"
"New York","IMPRO! Le Spectacle","format_court",,"a_la_maniere_de","New York","6:47","New York à la manière du Théâtre de l'Absurde","https://youtu.be/a8jMQzRhVRk","fr","approved","2026-05-25T11:33:24.185158+00:00","2026-05-25T11:34:38.307177+00:00"
"New York : réalité et illusion","LNI","match_impro","comparee","libre","New York : réalité et illusion","9:13","Une des improvisations les plus célèbres puisqu'il s'agit d'une impro 1/équipe, comparée de 9 minutes et la performance de Robert Lepage mérite le passage à la postérité offert par Robert Gravel et Jean-Marc Lavergne.","https://youtu.be/bHQsKGVL7Ys","fr","approved","2026-05-25T10:53:25.395996+00:00","2026-05-25T10:53:25.395996+00:00"
"Contre Kem's au Festival les 72h d'improvisation de Paris 2018","Canal Impro","spectacle","na","libre","Carte Blanche","50:25","Grâce à la Compagnie Les Eux, le mythique jeu de cartes des soirées entre copains le Kem’s - Contre Kem’s, est devenu un spectacle. Venez voir Tim et Nabla rivaliser de ruse dans cet opus particulièrement joueur et taquin.","https://youtu.be/91vlW6cntbk","fr","approved","2026-05-20T21:13:53.285542+00:00","2026-05-20T21:14:26.301388+00:00"
"Carte Blanche des Eux au Festival les 72h d'improvisation de Paris 2018","Canal Impro","spectacle","na","libre","Carte Blanche","44:00","Les Eux préparent une surprise dont ils ont le secret. Et on peut leur faire confiance. Spectacle joué lors de la 5e édition du Festival des 78h d'Impro de Paris qui a eu lieu sur trois jours les 22-23-24 juin 2018 !","https://youtu.be/HoO3O2xbhxw","fr","approved","2026-05-20T13:52:50.982944+00:00","2026-05-20T13:54:13.12318+00:00"
"Le Dîner au Festival d'impro de Paris","LULU LIGHTNING ARTIST","match_impro","na","libre","Le Dîner au Fesival","50:38","Annonces et choix du public","https://youtu.be/jVXsHkpeofY","fr","approved","2026-05-20T13:39:55.549648+00:00","2026-05-20T13:48:07.413514+00:00"
"Impro.Comedy (chaîne)","Impro.Comedy","chaine",,,,,"Point de départ — sketchs et formats courts d'impro","https://www.youtube.com/@Impro.Comedy","fr","approved","2026-05-20T12:26:16.867802+00:00",
"LiFi – L'improvisation théâtrale (chaîne)","LiFi","chaine",,,,,"Ligue Française d'Improvisation, +30 ans, matchs pro","https://www.youtube.com/@lifilimprovisationtheatrale","fr","approved","2026-05-20T12:26:16.867802+00:00",
"Les Improtagonistes (chaîne)","Les Improtagonistes","chaine",,,,,"Troupe issue de la LiFi — matchs + longue forme","https://www.youtube.com/c/LesImprotagonistes","fr","approved","2026-05-20T12:26:16.867802+00:00",
"Improvidence – Théâtre d'impro (chaîne)","Improvidence","chaine",,,,,"1er théâtre français 100% impro (Lyon + Bordeaux)","https://www.youtube.com/channel/UC1DygC-ZlJltS6kE_N11V5Q","fr","approved","2026-05-20T12:26:16.867802+00:00",
"Théâtre Improvisation (chaîne)","Théâtre Improvisation","chaine",,,,,"Chaîne dédiée aux spectacles et reportages impro","https://www.youtube.com/channel/UCkswVEUhvKhuCHIQBflPstg","fr","approved","2026-05-20T12:26:16.867802+00:00",
"Match impro Festival Théa' Fleurance","Festival Théa' Fleurance","match_impro","mixte","libre","Dans le feu de l'action",,"Festival 2020 — Tarbes / Mirande / Condom","https://www.youtube.com/watch?v=jU8R9caLhlE","fr","approved","2026-05-20T12:26:16.867802+00:00",
"La Ligue d'Impro : Frapper sans entrer","La Ligue d'Impro","match_impro",,,"Frapper sans entrer",,,"https://www.youtube.com/watch?v=5CIVmU60-QY","fr","approved","2026-05-20T12:26:16.867802+00:00",
"Les catégories partie II – L'IMPRO DE 1 à Z","Improtéine","tutoriel",,,"Catégories d'impro",,"Pédagogique : décrypte les catégories en match","https://www.youtube.com/watch?v=FjLQl1QKcss","fr","approved","2026-05-20T12:26:16.867802+00:00",
"Match d'impro international : Belgique vs Québec","1'Assaut D'1mpro","match_impro",,,"International",,"Mondial d'Impro 2007 — confrontation internationale","https://www.youtube.com/watch?v=ZemkX11JI98","fr","approved","2026-05-20T12:26:16.867802+00:00",
"Improvisades — match d'improvisation théâtrale","Improvisades","match_impro",,,,,,"https://www.youtube.com/watch?v=jsvNeqHs-xc","fr","approved","2026-05-20T12:26:16.867802+00:00",
"La zone libre des songes — HeroCorp vs Lily","HeroCorp / Lily","match_impro",,"a_la_maniere_de","La zone libre des songes","7 min","Transbordeur, 24/03/2013, contrainte SF","https://www.youtube.com/watch?v=oDSH_p6mMfs","fr","approved","2026-05-20T12:26:16.867802+00:00",
"Improvisation comparée ""coup de mou"" — catégorie chantée",,"match_impro","comparee","chantee","Coup de mou",,"Bonne illustration de la catégorie chantée","https://www.youtube.com/watch?v=1hWMAPQUuzE","fr","approved","2026-05-20T12:26:16.867802+00:00",
"Les ""Restons Calmes !"" — match d'impro","Restons Calmes","match_impro",,,,,,"https://www.youtube.com/watch?v=BETbEwCI0nU","fr","approved","2026-05-20T12:26:16.867802+00:00",
"MATCH D'IMPROVISATION : Équipe de France – Lyon","Théâtre Improvisation","match_impro",,,"France vs Lyon",,,"https://www.youtube.com/watch?v=HsccV-ImjX0","fr","approved","2026-05-20T12:26:16.867802+00:00",
"Festival Improneuf — 1/4 finale : Paris vs Tortues d'Janine","Ligue Improvisation Paris / Tortues d'Janine","match_impro",,,"Festival Improneuf",,,"https://www.youtube.com/watch?v=ugf22AuQ9XU","fr","approved","2026-05-20T12:26:16.867802+00:00",
"Le match d'impro : une invention québécoise","maprofdefrançais","documentaire",,,"Histoire / origine du match",,"Contexte historique","https://www.youtube.com/watch?v=YQ_ChfOfpwY","fr","approved","2026-05-20T12:26:16.867802+00:00",
"Le match d'impro théâtre","YEP'S","tutoriel",,,"Présentation du format",,"Bonne introduction pour débutants","https://www.youtube.com/watch?v=D73wDVMa10k","fr","approved","2026-05-20T12:26:16.867802+00:00",
"Ligue Impro L'Engrenage — Saison 1 Match 11","L'Engrenage","match_impro",,,,,,"https://www.youtube.com/watch?v=_peLWjiGxOQ","fr","approved","2026-05-20T12:26:16.867802+00:00",
"Upright Citizens Brigade — ASSSSCAT Improv","Upright Citizens Brigade","spectacle",,,"Harold / longue forme",,"Le show longue forme historique de l'UCB (New York) — référence absolue du Harold","https://www.youtube.com/watch?v=P4HTxmqNTCY","en","approved","2026-05-20T12:26:16.867802+00:00",
"The Improvised Shakespeare Company — Wednesday at the Waffle House","The 92nd Street Y","spectacle",,"a_la_maniere_de","Shakespeare improvisé",,"Une pièce entière improvisée à la manière de Shakespeare à partir d'un titre du public","https://www.youtube.com/watch?v=Ljh_LeMucJI","en","approved","2026-05-20T12:26:16.867802+00:00",
"Improvised Shakespeare Company Stand Up — 2009","Just For Laughs","spectacle",,"a_la_maniere_de","Shakespeare improvisé",,"Captation Just For Laughs (Montréal) — extrait représentatif de la troupe","https://www.youtube.com/watch?v=rX77W-0iQmY","en","approved","2026-05-20T12:26:16.867802+00:00",
"Del Close 1986","city worker","documentaire",,,"Naissance du Harold",,"Profil 1986 de Del Close (créateur du Harold) — archive historique","https://www.youtube.com/watch?v=dQzzLmR93o8","en","approved","2026-05-20T12:26:16.867802+00:00",
"""Toujours prêt"" — ORANGES | SCC2019 Demi-finales","Théâtre de la LNI","match_impro","mixte",,"Toujours prêt",,"Coupe Charade 2019 — demi-finale de la Ligue Nationale d'Improvisation (Québec)","https://www.youtube.com/watch?v=11qnwm2pNZU","fr","approved","2026-05-20T12:26:16.867802+00:00",
"TV5 — Ligue Nationale d'Improvisation (LNI) Équipe Québec","FabTeeVee","match_impro",,,,,"Captation TV5 — match de la LNI, format québécois classique","https://www.youtube.com/watch?v=YQcSSr47oKE","fr","approved","2026-05-20T12:26:16.867802+00:00",
"La LNI a 35 ans","Théâtre de la LNI","documentaire",,,"Histoire de la LNI",,"Rétrospective des 35 ans de la Ligue Nationale d'Improvisation","https://www.youtube.com/watch?v=5PnM3FB2JwQ","fr","approved","2026-05-20T12:26:16.867802+00:00",
"35e anniversaire de la Ligue Nationale d'Improvisation du Québec","DGQParis","documentaire",,,"Histoire de la LNI",,"Reportage anniversaire — invention québécoise du match d'impro","https://www.youtube.com/watch?v=aaF0w9VVL7g","fr","approved","2026-05-20T12:26:16.867802+00:00",
"C'est quoi ""improviser"" ? — L'IMPRO DE 1 à Z","Improtéine","tutoriel",,,"Fondamentaux",,"Épisode introductif de la série pédagogique d'Improtéine","https://www.youtube.com/watch?v=kXggGOp8axs","fr","approved","2026-05-20T12:26:16.867802+00:00",
"Les punitions, partie II — L'IMPRO DE 1 à Z","Improtéine","tutoriel",,,"Règles du match",,"Décrypte les punitions de match (cabotinage, rudesse, etc.)","https://www.youtube.com/watch?v=5Ql5Xs_VIp0","fr","approved","2026-05-20T12:26:16.867802+00:00",
"L'importance du personnage — L'IMPRO DE 1 à Z","Improtéine","tutoriel",,,"Construction du personnage",,"Pédagogie sur l'ancrage et la construction du personnage en impro","https://www.youtube.com/watch?v=PBQpYKrj3ds","fr","approved","2026-05-20T12:26:16.867802+00:00",
"L'importance de l'histoire — L'IMPRO DE 1 à Z","Improtéine","tutoriel",,,"Narration",,"Pédagogie sur la structure narrative et la dramaturgie en impro","https://www.youtube.com/watch?v=1Q-gCC7K-U8","fr","approved","2026-05-20T12:26:16.867802+00:00",
"Keith Johnstone on the origin of Theatresports (Part 13 of 20)","Canada's Theatre Museum","documentaire",,,"Theatresports",,"Entretien avec le créateur du Theatresports — comment le format est né en Alberta","https://www.youtube.com/watch?v=hkCuGGMVr4s","en","approved","2026-05-20T12:26:16.867802+00:00",
"Middleditch & Schwartz — Official Trailer (Netflix)","Netflix","spectacle",,,"Duo longform",,"Bande-annonce du premier special d'impro longform sur Netflix — un duo, une suggestion, 50 min d'histoire","https://www.youtube.com/watch?v=2Vao8d50hzw","en","approved","2026-05-20T12:26:16.867802+00:00",
"Whose Line UK — Ryan Stiles & Greg Proops as Batman and Robin (S04E05)","Comedy Hits","format_court",,"a_la_maniere_de","Film & Theater Styles",,"Format court ""à la manière de"" — un grand classique du format Whose Line","https://www.youtube.com/watch?v=xpnNfKeauwM","en","approved","2026-05-20T12:26:16.867802+00:00",
"""Il chante Johnny Hallyday en Hongrois !"" IMPRO : Fausse Conférence Traduite","Impro.Comedy","format_court",,,"Fausse conférence traduite",,"Short Impro.Comedy — format Fausse Conférence Traduite","https://www.youtube.com/shorts/sRXWvzkpbJM","fr","approved","2026-05-20T12:26:16.867802+00:00",
"""Il s'est tapé ma meuf !"" IMPRO : Fausse conférence","Impro.Comedy","format_court",,,"Fausse conférence",,"Short Impro.Comedy — format Fausse Conférence","https://www.youtube.com/shorts/THR73DxMuN8","fr","approved","2026-05-20T12:26:16.867802+00:00",
"""Il est en train d'immoler le tribunal !"" IMPRO","Impro.Comedy","format_court",,,"Tribunal",,"Short Impro.Comedy — format Tribunal","https://www.youtube.com/shorts/2rURRbcf3dI","fr","approved","2026-05-20T12:26:16.867802+00:00",
"Impro Tribunal : Il doit défendre un enfant pyromane !","Impro.Comedy","format_court",,,"Tribunal",,"Short Impro.Comedy — format Tribunal, plaidoirie improvisée","https://www.youtube.com/shorts/Xloo2TJnJuA","fr","approved","2026-05-20T12:26:16.867802+00:00",
"IMPRO : Ils font le procès d'un enfant du public ! P1 — Impro Comedy Live de Noël","Impro.Comedy","format_court",,,"Tribunal",,"Short Impro.Comedy — extrait du Live de Noël, format Tribunal","https://www.youtube.com/shorts/u_YwaMCfkn0","fr","approved","2026-05-20T12:26:16.867802+00:00",
"Interdit de prononcer le C ! IMPRO : Lettre Interdite","Impro.Comedy","format_court",,,"Lettre interdite",,"Short Impro.Comedy — format Lettre Interdite (C)","https://www.youtube.com/shorts/Fd1PpNAzLnM","fr","approved","2026-05-20T12:26:16.867802+00:00",
"""Vous êtes complétement débile ?!"" IMPRO : Un Mot à la fois !","Impro.Comedy","format_court",,,"Un mot à la fois",,"Short Impro.Comedy — format Un mot à la fois","https://www.youtube.com/shorts/wNKRpLpJPKY","fr","approved","2026-05-20T12:26:16.867802+00:00",
"""Je vous assigne en Justice !"" IMPRO : Un Mot à la fois !","Impro.Comedy","format_court",,,"Un mot à la fois",,"Short Impro.Comedy — format Un mot à la fois","https://www.youtube.com/shorts/zoWqY_LCkNQ","fr","approved","2026-05-20T12:26:16.867802+00:00",
"Un mec bourré intervient en spectacle ! IMPRO","Impro.Comedy","format_court",,,"Interaction public",,"Short Impro.Comedy — gestion d'un spectateur turbulent en live","https://www.youtube.com/shorts/DRSzFS2Pnug","fr","approved","2026-05-20T12:26:16.867802+00:00",
"""J'ai sorti une flûte de mon sourcil !"" IMPRO : FREEZE !","Impro.Comedy","format_court",,,"Freeze",,"Short Impro.Comedy — format Freeze (changement de position)","https://www.youtube.com/shorts/xFGAmFyKMKM","fr","approved","2026-05-20T12:26:16.867802+00:00",
"""Il m'avait juré qu'il était décédé !"" IMPRO : Telenovela","Impro.Comedy","format_court",,"a_la_maniere_de","Telenovela",,"Short Impro.Comedy — à la manière de la telenovela","https://www.youtube.com/shorts/Ta-D7-cN1Vg","fr","approved","2026-05-20T12:26:16.867802+00:00",
"""Il dégaine des apôtres !"" IMPRO : Le public termine !","Impro.Comedy","format_court",,,"Le public termine",,"Short Impro.Comedy — le public termine la phrase","https://www.youtube.com/shorts/7CQIh8CAPBI","fr","approved","2026-05-20T12:26:16.867802+00:00",
"""De l'eau dans ton vin ?"" IMPRO : ABC","Impro.Comedy","format_court",,,"ABC",,"Short Impro.Comedy — format ABC (répliques par ordre alphabétique)","https://www.youtube.com/shorts/XrlAYQj2Tsg","fr","approved","2026-05-20T12:26:16.867802+00:00",
"""Un moment privilégié !"" IMPRO : LETTRE INTERDITE","Impro.Comedy","format_court",,,"Lettre interdite",,"Short Impro.Comedy — format Lettre Interdite","https://www.youtube.com/shorts/dz7fO2braOI","fr","approved","2026-05-20T12:26:16.867802+00:00",
"""Mon père est sorti de la photocopieuse !"" IMPRO : CHANGE !","Impro.Comedy","format_court",,,"Change",,"Short Impro.Comedy — format Change (l'arbitre relance la phrase)","https://www.youtube.com/shorts/pFJEl1DNv8s","fr","approved","2026-05-20T12:26:16.867802+00:00",
"Une tornade sur Charleville Mézières ! IMPRO : Genres !","Impro.Comedy","format_court",,,"Genres",,"Short Impro.Comedy — format Genres (changement de registre)","https://www.youtube.com/shorts/Pc6iVv-5Rzg","fr","approved","2026-05-20T12:26:16.867802+00:00",
"""VOUS TRICHEZ ?!"" IMPRO : Un Mot à la Fois. [Bonus]","Impro.Comedy","format_court",,,"Un mot à la fois",,"Short Impro.Comedy — bonus du format Un mot à la fois","https://www.youtube.com/shorts/KyK_nd9kaXQ","fr","approved","2026-05-20T12:26:16.867802+00:00",
"""On va vous traquer."" IMPRO : Un Mot à la fois !","Impro.Comedy","format_court",,,"Un mot à la fois",,"Short Impro.Comedy — format Un mot à la fois","https://www.youtube.com/shorts/-Gb4s9Tvhoo","fr","approved","2026-05-20T12:26:16.867802+00:00",
"""Les violets sont immangeables"" IMPRO : Un mot à la fois !","Impro.Comedy","format_court",,,"Un mot à la fois",,"Short Impro.Comedy — format Un mot à la fois","https://www.youtube.com/shorts/3KLskkxMfzw","fr","approved","2026-05-20T12:26:16.867802+00:00",
"""On avait dit qu'on pimentait notre couple !"" IMPRO : FREEZE !","Impro.Comedy","format_court",,,"Freeze",,"Short Impro.Comedy — format Freeze","https://www.youtube.com/shorts/hSKmIFIdJKk","fr","approved","2026-05-20T12:26:16.867802+00:00",
"""J'adore être riche !"" IMPRO : 3 MOTS !","Impro.Comedy","format_court",,,"3 mots",,"Short Impro.Comedy — format 3 mots (chaque réplique de 3 mots)","https://www.youtube.com/shorts/12e83mjxpBM","fr","approved","2026-05-20T12:26:16.867802+00:00",
"Quelqu'un a triché ! IMPRO : Lettre L Interdite !","Impro.Comedy","format_court",,,"Lettre interdite",,"Short Impro.Comedy — format Lettre Interdite (L)","https://www.youtube.com/shorts/bDpaup9EjYA","fr","approved","2026-05-20T12:26:16.867802+00:00",
"""Elles me font des frotti frotta !"" IMPRO : Fausse Conférence","Impro.Comedy","format_court",,,"Fausse conférence",,"Short Impro.Comedy — format Fausse Conférence","https://www.youtube.com/shorts/wpPqziqXbzQ","fr","approved","2026-05-20T12:26:16.867802+00:00",
"""Vous avez une très grosse cravate..."" IMPRO : Émotions","Impro.Comedy","format_court",,,"Émotions",,"Short Impro.Comedy — format Émotions (changement d'émotion sur signal)","https://www.youtube.com/shorts/IakVSb2L6XE","fr","approved","2026-05-20T12:26:16.867802+00:00",
"""Espèce de petit enfoiré!"" IMPRO : Émotions","Impro.Comedy","format_court",,,"Émotions",,"Short Impro.Comedy — format Émotions","https://www.youtube.com/shorts/BvLq7bLPdGE","fr","approved","2026-05-20T12:26:16.867802+00:00",
"""J'ai composé une chanson pour le vestiaire des filles"" IMPRO","Impro.Comedy","format_court",,,"Chantée",,"Short Impro.Comedy — chanson improvisée","https://www.youtube.com/shorts/u47Z_LSv5Ic","fr","approved","2026-05-20T12:26:16.867802+00:00",
"""Mi enfant, Mi Taupe !"" IMPRO : Lettre Interdite","Impro.Comedy","format_court",,,"Lettre interdite",,"Short Impro.Comedy — format Lettre Interdite","https://www.youtube.com/shorts/pEunPOgdspo","fr","approved","2026-05-20T12:26:16.867802+00:00",
"""Ils ont installé des fenêtres ?!"" IMPRO ABC","Impro.Comedy","format_court",,,"ABC",,"Short Impro.Comedy — format ABC","https://www.youtube.com/shorts/4pqQkQpsVxk","fr","approved","2026-05-20T12:26:16.867802+00:00",
"""On m'appelle l'Ovni."" IMPRO PAROLES !","Impro.Comedy","format_court",,,"Paroles",,"Short Impro.Comedy — format Paroles (citation imposée)","https://www.youtube.com/shorts/IOBLh8jsmX8","fr","approved","2026-05-20T12:26:16.867802+00:00",
"Il invoque un démon breton ! (IMPRO : TWIST !)","Impro.Comedy","format_court",,,"Twist",,"Short Impro.Comedy — format Twist (retournement narratif)","https://www.youtube.com/shorts/xa35iCPRIXM","fr","approved","2026-05-20T12:26:16.867802+00:00",
"Halte là ! — Impro.Comedy","Impro.Comedy","format_court",,,,,"Short Impro.Comedy — extrait de spectacle","https://www.youtube.com/shorts/irIUrWVXkQU","fr","approved","2026-05-20T12:26:16.867802+00:00",
"""Je t'assure que ça va être bon !"" — Impro.Comedy","Impro.Comedy","format_court",,,,,"Short Impro.Comedy — extrait de spectacle","https://www.youtube.com/shorts/n9iQEXFcrB4","fr","approved","2026-05-20T12:26:16.867802+00:00",
"""Très très très drôle !"" — Impro.Comedy","Impro.Comedy","format_court",,,,,"Short Impro.Comedy — extrait de spectacle","https://www.youtube.com/shorts/UAKhEskHicg","fr","approved","2026-05-20T12:26:16.867802+00:00",
"LiFi — Spectacle « Cétoiki » (contes interactifs)","LiFi","spectacle",,,"Contes / reine des contes",,"Spectacle LiFi où le public choisit le déroulement de l'histoire","https://www.youtube.com/watch?v=KcNv5mZhsEc","fr","approved","2026-05-20T12:26:16.867802+00:00",
"LiFi — Match d'impro des apprentis (fin d'année)","LiFi","match_impro",,,,,"Match de fin d'année des apprentis de la LiFi","https://www.youtube.com/watch?v=6swjoCvMRlI","fr","approved","2026-05-20T12:26:16.867802+00:00",
"LiFi — Ça se passe comment un match d'impro ?","LiFi","tutoriel",,,,,"Vidéo explicative sur le déroulement d'un match d'impro","https://www.youtube.com/watch?v=hmsDFFz0Pms","fr","approved","2026-05-20T12:26:16.867802+00:00",
"LiFi — Une rencontre improvisée avec la LiFi (documentaire)","LiFi","documentaire",,,,,"Film de Géraldine Dehayes sur les coulisses des ateliers et matchs LiFi","https://www.youtube.com/watch?v=4jk6phm_NvM","fr","approved","2026-05-20T12:26:16.867802+00:00",
"LiFi — Impro comparée « Tour de magie » (Faites entrer l'accusé)","LiFi","match_impro","comparee",,"Tour de magie","3 minutes","Catégorie LiFi — impro comparée à la manière de « Faites entrer l'accusé »","https://www.youtube.com/watch?v=g-Ha61Pkoh0","fr","approved","2026-05-20T12:26:16.867802+00:00",
"LiFi — Impro mixte « Le temps du séchage »","LiFi","match_impro","mixte",,"Le temps du séchage","5 minutes","Catégorie LiFi — impro mixte","https://www.youtube.com/watch?v=3XhyB_BAIyU","fr","approved","2026-05-20T12:26:16.867802+00:00",
"LiFi — Impro comparée « Galerie »","LiFi","match_impro","comparee",,"Galerie","2 minutes","Catégorie LiFi — impro comparée","https://www.youtube.com/watch?v=sbZMK48rAlI","fr","approved","2026-05-20T12:26:16.867802+00:00",
"LiFi — Teaser : la LiFi présente un match d'impro","LiFi","match_impro",,,,,"Teaser de présentation des matchs LiFi","https://www.youtube.com/watch?v=ESUNm-90w2Q","fr","approved","2026-05-20T12:26:16.867802+00:00",
"LiFi — Teaser LiFi Impro Junior (ateliers ados)","LiFi","documentaire",,,,,"Présentation des stages et ateliers LiFi Impro Junior pour les adolescents","https://www.youtube.com/watch?v=ycarunN5QS4","fr","approved","2026-05-20T12:26:16.867802+00:00",
"Teaser le Béret de la Tortue","Les Improtagonistes","spectacle",,,,,"Teaser du spectacle « Le Béret de la Tortue » — Collectif Théâtral de Courbevoie / Improtagonistes","https://www.youtube.com/watch?v=Nq6s1b-HiuI","fr","approved","2026-05-20T12:26:16.867802+00:00",
"IMPROTAGONISTES vs TRAITS D'UNION le 26/01/17","Les Improtagonistes","match_impro",,,,,"Match d'impro Improtagonistes contre Traits d'Union — saison 2017/2018","https://www.youtube.com/watch?v=BgEu6N_mnVM","fr","approved","2026-05-20T12:26:16.867802+00:00",
"IMPROTAGONISTES vs LISM !","Les Improtagonistes","match_impro",,,,,"Match d'impro Improtagonistes contre LISM (Seine-et-Marne)","https://www.youtube.com/watch?v=Ums90y21Afw","fr","approved","2026-05-20T12:26:16.867802+00:00",
"Match d'impro : IMPROTAGONISTES vs FREE ROUGES !","Les Improtagonistes","match_impro",,,,,"Match d'impro caritatif au profit de l'association AIDES","https://www.youtube.com/watch?v=NDjMnBheMUU","fr","approved","2026-05-20T12:26:16.867802+00:00",
"Les IMPROTAGONISTES invitent les NON-SENS !","Les Improtagonistes","match_impro",,,,,"Match d'impro Improtagonistes vs Non-Sens — Centre d'Animation Les Halles","https://www.youtube.com/watch?v=k-4OvN8YUcY","fr","approved","2026-05-20T12:26:16.867802+00:00",
"Les Improtagonistes présentent : ""LES PASSAGERS - SPÉCIAL GUESTS""","Les Improtagonistes","spectacle",,,,,"Concept « Les Passagers » avec joueurs invités — Improtagonistes","https://www.youtube.com/watch?v=4RfWc4jE5TM","fr","approved","2026-05-20T12:26:16.867802+00:00",
"Match d'impro ""Les Improtagonistes vs Les Traits d'Union""","Les Improtagonistes","match_impro",,,,,"Match d'impro Improtagonistes vs Traits d'Union — Les Halles","https://www.youtube.com/watch?v=Up-BJs_xlm4","fr","approved","2026-05-20T12:26:16.867802+00:00",
"Match d'impro ""Improtagonistes vs Drôles de Cailles""","Les Improtagonistes","match_impro",,,,,"Match d'impro Improtagonistes vs Drôles de Cailles","https://www.youtube.com/watch?v=Uf2_RoovfGk","fr","approved","2026-05-20T12:26:16.867802+00:00",
"LES IMPROTAGONISTES présentent : MATCH D'IMPRO ""FEMMES vs HOMMES""","Les Improtagonistes","match_impro",,,,,"Match d'impro thématique « Femmes vs Hommes » — Improtagonistes","https://www.youtube.com/watch?v=FgLTVO2IYC4","fr","approved","2026-05-20T12:26:16.867802+00:00",
"LES IMPROTAGONISTES présentent : ""Impro Bingo"" le retour !","Les Improtagonistes","spectacle",,,,,"Concept « Impro Bingo » à l'Apérock Café — Improtagonistes","https://www.youtube.com/watch?v=nMsTuOXqyZw","fr","approved","2026-05-20T12:26:16.867802+00:00",
"Les IMPROTAGONISTES présentent : ""Les passagers"" (teaser 01)","Les Improtagonistes","spectacle",,,,,"Teaser du concept « Les Passagers » — Improtagonistes","https://www.youtube.com/watch?v=roobE-O5pdU","fr","approved","2026-05-20T12:26:16.867802+00:00",
"LES IMPROTAGONISTES vs LES MALADES DE L'IMAGINAIRE","Les Improtagonistes","match_impro",,,,,"Revanche entre Improtagonistes et Les Malades de l'Imaginaire","https://www.youtube.com/watch?v=2xjUq78nBeY","fr","approved","2026-05-20T12:26:16.867802+00:00",
"Les Improtagonistes présentent ""Les Jeunots vs Les Anciens""","Les Improtagonistes","match_impro",,,,,"Match anniversaire des Improtagonistes : Jeunots vs Anciens","https://www.youtube.com/watch?v=pSze1Ht5zio","fr","approved","2026-05-20T12:26:16.867802+00:00",
"Les Improtagonistes présentent ""Le Défi des Résidents""","Les Improtagonistes","spectacle",,,,,"Spectacle au Patronage Laïque Jules Vallès — 3 troupes d'impro","https://www.youtube.com/watch?v=HLrMNLr5Wvo","fr","approved","2026-05-20T12:26:16.867802+00:00",
"MATCH D'IMPRO : IMPROTAGONISTES VS ARBITRES !","Les Improtagonistes","match_impro",,,,,"Match d'impro inversé : les arbitres jouent contre les Improtagonistes","https://www.youtube.com/watch?v=UnLU369liDY","fr","approved","2026-05-20T12:26:16.867802+00:00",
"IMPRO BINGO le 12/10/14","Les Improtagonistes","spectacle",,,,,"Soirée « Impro Bingo » à l'Apérock Café — Improtagonistes","https://www.youtube.com/watch?v=MNryzwBV6S8","fr","approved","2026-05-20T12:26:16.867802+00:00",
"Les Improtagonistes : Saison parisienne 2014 / 2015","Les Improtagonistes","documentaire",,,,,"Clip de présentation de la saison parisienne 2014/2015","https://www.youtube.com/watch?v=Xasy5TqjmXk","fr","approved","2026-05-20T12:26:16.867802+00:00",
"Match Improtagonistes vs LIFI : ""La télécommande"" (extrait)","Les Improtagonistes","match_impro",,"chantee","La télécommande",,"Extrait — impro à la manière d'une comédie musicale, Improtagonistes vs LiFi","https://www.youtube.com/watch?v=PgRkJM8ETRk","fr","approved","2026-05-20T12:26:16.867802+00:00",
"Clip Improtagonistes 2014/2015","Les Improtagonistes","documentaire",,,,,"Clip estival des Improtagonistes — saison 2014/2015","https://www.youtube.com/watch?v=8fRZ2bTTEdk","fr","approved","2026-05-20T12:26:16.867802+00:00",
"[Teaser spectacle] La fin justifie les moyens","Improvidence","spectacle",,,,,"Teaser — spectacle improvisé Improvidence","https://www.youtube.com/watch?v=sdx_YlPxgEw","fr","approved","2026-05-20T12:26:16.867802+00:00",
"Confort Zone Expérience immersive en huis clos","Improvidence","spectacle",,,,,"Spectacle immersif en huis clos — Improvidence","https://www.youtube.com/watch?v=w2X-W1QXFAU","fr","approved","2026-05-20T12:26:16.867802+00:00",
"[teaser spectacle] Témoins","Improvidence","spectacle",,,"Mariage",,"Teaser — Mathilde et Thomas, témoins de mariage, comédie improvisée Improvidence","https://www.youtube.com/watch?v=kbfzB0QQGlY","fr","approved","2026-05-20T12:26:16.867802+00:00",
"[Teaser spectacle] De Jour en Jour","Improvidence","spectacle",,,,,"Teaser — spectacle sur l'évolution d'une relation au fil des décennies","https://www.youtube.com/watch?v=mOannzhCW7U","fr","approved","2026-05-20T12:26:16.867802+00:00",
"[Teaser Spectacle] La Doublure","Improvidence","spectacle",,,,,"Teaser — solo improvisé inspiré d'une personne du public, par Christophe Bouquet","https://www.youtube.com/watch?v=ggSILbgVNa8","fr","approved","2026-05-20T12:26:16.867802+00:00",
"[Teaser] C'est ici que ça se passe","Improvidence","spectacle",,,,,"Teaser — spectacle improvisé interactif basé sur les anecdotes du public","https://www.youtube.com/watch?v=JyfcPJbPWTo","fr","approved","2026-05-20T12:26:16.867802+00:00",
"[Teaser spectacle] Scènes de Crime","Improvidence","spectacle",,,"Polar / enquête",,"Teaser — spectacle improvisé policier façon Thomson et Thompson","https://www.youtube.com/watch?v=kHh0P72wSk4","fr","approved","2026-05-20T12:26:16.867802+00:00",
"[Teaser] Spectacle - Ex Nihilo","Improvidence","spectacle",,,,,"Teaser — spectacle improvisé Ex Nihilo : 2 comédiens et 1 musicien partent de rien","https://www.youtube.com/watch?v=x5vICbvL8Gw","fr","approved","2026-05-20T12:26:16.867802+00:00",
"[Spectacle] Je vous jure c'est de l'impro ! Teaser","Improvidence","spectacle",,,,,"Teaser — spectacle dominical à l'Improvidence","https://www.youtube.com/watch?v=USkI4RI4TLw","fr","approved","2026-05-20T12:26:16.867802+00:00",
"LA DOUBLURE","Improvidence","spectacle",,,,,"Spectacle improvisé « La Doublure » — Christophe Bouquet (Philippe Cardon)","https://www.youtube.com/watch?v=_5mfgDmHqoo","fr","approved","2026-05-20T12:26:16.867802+00:00",
"FAITES NOUS CONFIANCE","Improvidence","spectacle",,,,,"Spectacle improvisé « Faites-nous confiance » — Thierry Bilisko & Fabien Strobel","https://www.youtube.com/watch?v=z47dfpBFo8c","fr","approved","2026-05-20T12:26:16.867802+00:00",
"[Extrait spectacle] Familia Mea","Improvidence","spectacle",,,"Couple / famille",,"Extrait du spectacle improvisé « Familia Mea » — Improvidence","https://www.youtube.com/watch?v=2-wp9hLDo1Q","fr","approved","2026-05-20T12:26:16.867802+00:00",
"Comédie Musicale improvisée avec Antoine Lefort","Improvidence","tutoriel",,"chantee",,,"Présentation d'un stage de comédie musicale improvisée à l'Improvidence","https://www.youtube.com/watch?v=_bFzjeixONA","fr","approved","2026-05-20T12:26:16.867802+00:00",
"[Teaser spectacle] Catch Impro","Improvidence","match_impro",,,,,"Concept Catch Impro — deux duos s'affrontent sous l'arbitrage FICI","https://www.youtube.com/watch?v=4K4jiiedtc0","fr","approved","2026-05-20T12:26:16.867802+00:00",
"[Teaser] Mon Pote","Improvidence","spectacle",,,,,"Teaser — spectacle « Mon Pote » par l'Équipe Bis à l'Improvidence","https://www.youtube.com/watch?v=WDBy5Zggzc8","fr","approved","2026-05-20T12:26:16.867802+00:00",
"[Teaser] C'est l'histoire d'un homme...","Improvidence","spectacle",,,,,"Teaser d'un spectacle improvisé Improvidence","https://www.youtube.com/watch?v=HAbkm-_Cas8","fr","approved","2026-05-20T12:26:16.867802+00:00",
"[Teaser spectacle ] Pirates ! Contes improvisés","Improvidence","spectacle",,,"Pirates",,"Teaser — spectacle jeune public « Pirates ! » par la Cie Hic & Nunc","https://www.youtube.com/watch?v=csrMYwvFHXI","fr","approved","2026-05-20T12:26:16.867802+00:00",
"[Teaser Spectacle] Frichti","Improvidence","spectacle",,,,,"Teaser — « Frichti d'impro », spectacle interactif avec 50 contraintes","https://www.youtube.com/watch?v=CPSVpLJiB2A","fr","approved","2026-05-20T12:26:16.867802+00:00",
"reportage France 3 Théâtre Improvidence Impronlive","Improvidence","documentaire",,,,,"Reportage France 3 sur le Théâtre Improvidence et ImprOnLive","https://www.youtube.com/watch?v=oiZPUfmvHJs","fr","approved","2026-05-20T12:26:16.867802+00:00",
"[Teaser] Le dernier show avant la fin du monde - Spectacle en live streaming","Improvidence","spectacle",,,"Fin du monde",,"Teaser ImprOnLive — spectacle en live streaming hebdomadaire","https://www.youtube.com/watch?v=t9WLmfhdyFk","fr","approved","2026-05-20T12:26:16.867802+00:00",
"Catégorie sans parole","Théâtre Improvisation","match_impro",,"sans_paroles",,,"Démonstration de la catégorie « sans parole » en impro","https://www.youtube.com/watch?v=bjCyNgVXTaI","fr","approved","2026-05-20T12:26:16.867802+00:00",
"Catégorie Doublage","Théâtre Improvisation","match_impro",,"doublee",,,"Catégorie « doublage » — match LIPAIX (Aix) vs LOLITA (Strasbourg)","https://www.youtube.com/watch?v=_cguuwfqYLo","fr","approved","2026-05-20T12:26:16.867802+00:00",
"L'improvisation théâtrale, une révélation pour Jamel Debbouze !","Théâtre Improvisation","documentaire",,,,,"Interview — Jamel Debbouze raconte sa découverte de l'impro","https://www.youtube.com/watch?v=dxmu8sC9I1Q","fr","approved","2026-05-20T12:26:16.867802+00:00",
"Comment l'improvisation a sauvé la vie de Jamel Debbouze","Théâtre Improvisation","documentaire",,,,,"Interview — Jamel Debbouze sur le rôle de l'impro dans sa vie","https://www.youtube.com/watch?v=tWaBz-Pnu6M","fr","approved","2026-05-20T12:26:16.867802+00:00",
"Ligue Impro l'Engrenage   saison 1   match 12","Théâtre Improvisation","match_impro",,,,,"Match 12 — Ligue d'impro l'Engrenage à La Factrie","https://www.youtube.com/watch?v=vP4itCb-FiU","fr","approved","2026-05-20T12:26:16.867802+00:00",
"Spectacle d'improvisation avec le FBI","Théâtre Improvisation","spectacle",,,,,"Spectacle d'impro de la Fédération Biterroise d'Improvisation (FBI)","https://www.youtube.com/watch?v=6L9PkOuxnAY","fr","approved","2026-05-20T12:26:16.867802+00:00",
"Les Improspectus   Théatre d'improvisation","Théâtre Improvisation","spectacle",,,,,"Spectacle des Improspectus — Maison Pour Tous Voltaire, Montpellier (2012)","https://www.youtube.com/watch?v=xg9E9QviVvc","fr","approved","2026-05-20T12:26:16.867802+00:00",
"Ligue Impro l'Engrenage   saison 1   match 11","Théâtre Improvisation","match_impro",,,,,"Match 11 — Ligue d'impro l'Engrenage à La Factrie","https://www.youtube.com/watch?v=_peLWjiGxOQ","fr","approved","2026-05-20T12:26:16.867802+00:00",
"Impropolis 2013:   Improspectus vs Lolita","Théâtre Improvisation","match_impro",,,,,"Festival Impropolis 2013 — match Improspectus vs Lolita","https://www.youtube.com/watch?v=sWCafKxbghs","fr","approved","2026-05-20T12:26:16.867802+00:00",
"La Lolita  -  Théâtre d'Improvisation à Strasbourg: c'est quoi ?","Théâtre Improvisation","documentaire",,,,,"Présentation de la LOLITA, ligue d'impro de Strasbourg fondée en 1993","https://www.youtube.com/watch?v=YpNLYxx0Lqg","fr","approved","2026-05-20T12:26:16.867802+00:00",
"Ligue Impro l'Engrenage   saison 1   match 10","Théâtre Improvisation","match_impro",,,,,"Match 10 — Ligue d'impro l'Engrenage à La Factrie","https://www.youtube.com/watch?v=_b_poDo--Qk","fr","approved","2026-05-20T12:26:16.867802+00:00",
"Ligue Impro l'Engrenage   saison 1   match 9","Théâtre Improvisation","match_impro",,,,,"Match 9 — Ligue d'impro l'Engrenage à La Factrie","https://www.youtube.com/watch?v=jwi-rLHLrfA","fr","approved","2026-05-20T12:26:16.867802+00:00",
"Cabaret d'impro à l'Espace des Possibles.","Théâtre Improvisation","spectacle",,,,,"Spectacle d'impro à l'Espace des Possibles (août 2021)","https://www.youtube.com/watch?v=q5dQGIv-hto","fr","approved","2026-05-20T12:26:16.867802+00:00",
"Le théâtre d'impro. avec la LINA","Théâtre Improvisation","documentaire",,,,,"Présentation de la LINA — théâtre d'impro","https://www.youtube.com/watch?v=aMfdLOfY6Kg","fr","approved","2026-05-20T12:26:16.867802+00:00",
"Finale du trophée d'impro Culture & Diversité","Théâtre Improvisation","match_impro",,,,,"Finale du Trophée d'Impro Culture & Diversité à la Comédie-Française","https://www.youtube.com/watch?v=ZCif1YoOQDA","fr","approved","2026-05-20T12:26:16.867802+00:00",
"Ligue Impro l'Engrenage   saison 1   match 8","Théâtre Improvisation","match_impro",,,,,"Match 8 — Ligue d'impro l'Engrenage à La Factrie","https://www.youtube.com/watch?v=LJXPcRRvmgE","fr","approved","2026-05-20T12:26:16.867802+00:00",
"Ligue Impro l'Engrenage   saison 1   match 7","Théâtre Improvisation","match_impro",,,,,"Match 7 — Ligue d'impro l'Engrenage à La Factrie","https://www.youtube.com/watch?v=UDuy-Qr5OJE","fr","approved","2026-05-20T12:26:16.867802+00:00",
"Ligue Impro l'Engrenage   saison 1   match 6","Théâtre Improvisation","match_impro",,,,,"Match 6 — Ligue d'impro l'Engrenage à La Factrie","https://www.youtube.com/watch?v=wWVTWbPzQnk","fr","approved","2026-05-20T12:26:16.867802+00:00",
"Ligue Impro l'Engrenage   saison 1   match 5","Théâtre Improvisation","match_impro",,,,,"Match 5 — Ligue d'impro l'Engrenage à La Factrie","https://www.youtube.com/watch?v=53eOb2vkNyA","fr","approved","2026-05-20T12:26:16.867802+00:00",
"Les déglingués","Théâtre Improvisation","spectacle",,,,,"Premier spectacle de la troupe « Improvisons à Rêves en Saône »","https://www.youtube.com/watch?v=kYGBb-e611w","fr","approved","2026-05-20T12:26:16.867802+00:00",
